url,text,media_url,comments,time,likes,comment_count,page name
https://facebook.com/Orient.Pearl.Rest/videos/221757939128528/?__tn__=kC-R&eid=ARBJQhoQRYE0859Skfy_-jTuxutXzcw83bYjmLHijVLmT1kijztM6tplU36KwqumEu6EePPp1pkqngkY&hc_ref=ARSUc8C-UJf1mGQu5ibBKe2m45psBrrqaIG8Pxgyl9qY_25zdGLifuiCcyz-1WR9GJw&fref=nf&__xts__[0]=68.ARAYCbcIiXT4Jov_s5eUSWsBpUdBRpX2qK8D1mO-V8g2EfHsBvNErLEprQKkihQjjVnwzgqk4wJOdxQk9rdtp-o6jWKglIa8EodwM_3RRyL6kEl2gcx5bMEm9qlQZgKvgvDd_B2B2fE09kMQXqX0JOUQZXYn21_MGxBeouHv6W8ZJ8XGSoepIznKhiDckA_RUpGkTFOjEq5lbrvIsyHvxAqwRqyyLibHo9UUOLIcXHmKpVSKMklfTLAkhfW5_KiDRj84Zlcf6HzxhNJ561-XULxvCvMm1BIPDT7xR0Ov3UYDGQi9fUkTL_FUYyc0q945creScgijL39OksmbnI3SZGJQ4A,Give your Iftar a unique taste with our authentic Oriental dishes! ,,,30-04-2020,18,1,OrientPearl
https://facebook.com/Orient.Pearl.Rest/videos/236031057498890/?__tn__=kC-R&eid=ARBJQhoQRYE0859Skfy_-jTuxutXzcw83bYjmLHijVLmT1kijztM6tplU36KwqumEu6EePPp1pkqngkY&hc_ref=ARSUc8C-UJf1mGQu5ibBKe2m45psBrrqaIG8Pxgyl9qY_25zdGLifuiCcyz-1WR9GJw&fref=nf&__xts__[0]=68.ARAYCbcIiXT4Jov_s5eUSWsBpUdBRpX2qK8D1mO-V8g2EfHsBvNErLEprQKkihQjjVnwzgqk4wJOdxQk9rdtp-o6jWKglIa8EodwM_3RRyL6kEl2gcx5bMEm9qlQZgKvgvDd_B2B2fE09kMQXqX0JOUQZXYn21_MGxBeouHv6W8ZJ8XGSoepIznKhiDckA_RUpGkTFOjEq5lbrvIsyHvxAqwRqyyLibHo9UUOLIcXHmKpVSKMklfTLAkhfW5_KiDRj84Zlcf6HzxhNJ561-XULxvCvMm1BIPDT7xR0Ov3UYDGQi9fUkTL_FUYyc0q945creScgijL39OksmbnI3SZGJQ4A,Give your Iftar a unique taste with our authentic Oriental dishes! For delivery: ,,,30-04-2020,28,,OrientPearl
https://facebook.com/Orient.Pearl.Rest/videos/590686325161834/?__tn__=kC-R&eid=ARBB4V267L55tqYRfYjyDXeO_Los0M6K8XNA64xcIqbHzT6N2AUhwIHq2GCldG1QikzOhNGsY34jGzCP&hc_ref=ARQyDRA2f6Nd0a_HscmaSTVebqsu_NlU0rv6MHrAn5jCuhic5DiPX_9nk3sUcxOGerk&fref=nf&__xts__[0]=68.ARARRVAAwEMkZFDSaM7ZACn5PvYBfZcLQZZLrS2CHDpk-OFk1dfkNQEwInt7O9kkhnqvu2aZuNCmqEwBcKfM8UrFZUiR5qdkProCYNtHdXwG6nBuhxij4_F5AZuMqOkA-NvjCrUGVKaQrvkCNNeGCjwCFvYbH0ZHUerzGhGW063bYEZXnjQLQOIq837KMmhsg9KPQEwHOIqz3xx9upYeGBk0mA4BvKLcVfy7a1MOWlkAR-i6uf96OGPVPWRWsfA6qTR8YkbVmoAi72p-DPTA_8NT9HmFyiqrgRP9QvTjl1CgDJbtm8AKTTsIXSAb513DHsPaNrIpp7IV6xto9H2qPmZVMQ,We wish you a peaceful and blessed Ramadan. We offer you an amazing special menu rich in wide and magnificent Oriental dishes. For more information: 44106600 - 66664448,,,23-04-2020,21,10,OrientPearl
https://facebook.com/Orient.Pearl.Rest/photos/a.555879437874765/2573805332748822/?type=3&theater,A mother is a blessing that nothing could replace Happy Mother Day,,,21-03-2020,429,2,OrientPearl
https://facebook.com/Orient.Pearl.Rest/photos/a.555879437874765/2568796466583042/?type=3&theater,"Following the decision of the Government, our doors will be closed until further notice. See you soon",,,19-03-2020,10,,OrientPearl
https://facebook.com/Orient.Pearl.Rest/videos/214522572960669/?__tn__=kC-R&eid=ARBsw-08QBC6ygq9-HmrTfnrbiPBQxo2FuC-7DD8iVNVrTAD-C7E6OMoGnlT-X1MKIeKtl5Tr2BzaRWY&hc_ref=ARSrXoU1SmAvRu9D-MKl7frQF53qWTgFTOYhUrAxAMuzJSCt6OhiuHCq-EeumyYDvPE&fref=nf&__xts__[0]=68.ARAR-n_3t6c4j4PfT17Uh0z8iq4vJ3c5z8P0Mr-TVy3GjXH30yaJYBMWdoE5DerqnC4nEGDV0y0XOXHJh3vz6dWfhr_lGatOBKgJSdWPLBfCWmF57ogufHbJ1oScoDg9hXPHZbsRrQQAEbO6fK0vJU_e4gI3oxrU6RG2gk8e4CuEuP__jLvukW68OAE3f84hrkBLyktveUnzfqvAuNxqRkv6j9SoEYPiMXqvAat-YHOsNLBzIRqW7jnNJiJxqfmvbkBub6k1TYt03Y9OGz8WQO_TluY4ZhUhLr6X6OrHvJuVb9s6T52jSoLYvotiZWo5r4CWMoSgDg6qmIR9HmF6jy2MTA,"Ensuring the highest standards of quality, safety and hygiene! For delivery",,,17-03-2020,64,12,OrientPearl
https://facebook.com/Orient.Pearl.Rest/photos/a.555879437874765/2555806941215328/?type=3&theater,Any plans for the weekend Our terrace is the perfect spot,,,12-03-2020,625,2,OrientPearl
https://facebook.com/Orient.Pearl.Rest/photos/a.555879437874765/2545714558891233/?type=3&theater,We would love to wish you a Happy International Women’s Day! An equal world is an enabled world! #EachForEqual,,,07-03-2020,508,4,OrientPearl
https://facebook.com/story.php?story_fbid=2545714785557877&id=265870090209036&refid=17&_ft_=mf_story_key.2545714785557877%3Atop_level_post_id.2545714785557877%3Atl_objid.2545714785557877%3Acontent_owner_id_new.265870090209036%3Athrowback_story_fbid.2545714785557877%3Apage_id.265870090209036%3Aphoto_id.2545714558891233%3Astory_location.4%3Astory_attachment_style.photo%3Atds_flgs.3%3Apage_insights.%7B%22265870090209036%22%3A%7B%22page_id%22%3A265870090209036%2C%22actor_id%22%3A265870090209036%2C%22dm%22%3A%7B%22isShare%22%3A0%2C%22originalPostOwnerID%22%3A0%7D%2C%22psn%22%3A%22EntStatusCreationStory%22%2C%22post_context%22%3A%7B%22object_fbtype%22%3A266%2C%22publish_time%22%3A1583586827%2C%22story_name%22%3A%22EntStatusCreationStory%22%2C%22story_fbid%22%3A%5B2545714785557877%5D%7D%2C%22role%22%3A1%2C%22sl%22%3A4%2C%22targets%22%3A%5B%7B%22actor_id%22%3A265870090209036%2C%22page_id%22%3A265870090209036%2C%22post_id%22%3A2545714785557877%2C%22role%22%3A1%2C%22share_id%22%3A0%7D%5D%7D%7D%3Athid.265870090209036%3A306061129499414%3A2%3A0%3A1585724399%3A-3053091149533728446&__tn__=%2AW-R#footer_action_list,The perfect destination to spend the best times in your weekend!,facebook.com/Orient.Pearl.Rest/photos/a.555879437874765/2545714558891233/?type=3&refid=52&_ft_=mf_story_key.2545714785557877%3Atop_level_post_id.2545714785557877%3Atl_objid.2545714785557877%3Acontent_owner_id_new.265870090209036%3Athrowback_story_fbid.2545714785557877%3Apage_id.265870090209036%3Aphoto_id.2545714558891233%3Astory_location.4%3Astory_attachment_style.photo%3Atds_flgs.3%3Apage_insights.%7B%22265870090209036%22%3A%7B%22page_id%22%3A265870090209036%2C%22actor_id%22%3A265870090209036%2C%22dm%22%3A%7B%22isShare%22%3A0%2C%22originalPostOwnerID%22%3A0%7D%2C%22psn%22%3A%22EntStatusCreationStory%22%2C%22post_context%22%3A%7B%22object_fbtype%22%3A266%2C%22publish_time%22%3A1583586827%2C%22story_name%22%3A%22EntStatusCreationStory%22%2C%22story_fbid%22%3A%5B2545714785557877%5D%7D%2C%22role%22%3A1%2C%22sl%22%3A4%2C%22targets%22%3A%5B%7B%22actor_id%22%3A265870090209036%2C%22page_id%22%3A265870090209036%2C%22post_id%22%3A2545714785557877%2C%22role%22%3A1%2C%22share_id%22%3A0%7D%5D%7D%7D%3Athid.265870090209036&__tn__=EH-R," 'Ah besides in the corniche road.', 'profile_name': 'Jerry Amores Salud', 'profile_url': '/jerryamores.salud'}, {'text': 'Very nice place.  Doha qater', 'profile_name': 'Md Joynal', 'profile_url': '/profile.php'}, {'text': 'I want job in your hotel', 'profile_name': 'Askir Alom', 'profile_url': '/askir.alom'}]",05-03-2020,621,3,OrientPearl
https://facebook.com/Orient.Pearl.Rest/photos/a.555879437874765/2535839023212120/?type=3&theater,Start your day with a wide variety of items from our  new and amazing breakfast menu,,,02-03-2020,784,,OrientPearl
https://facebook.com/Orient.Pearl.Rest/videos/1060932454293022/,It’s not just football!!! It’s a War! ? Enjoy the CLASICO at Orient Pearl this,,,28-02-2020,117,2,OrientPearl
https://facebook.com/Orient.Pearl.Rest/photos/a.555879437874765/2526928804103142/?type=3&theater,Bankers!!! What are you up to this Sunday?! Celebrate the bank holiday at any of Aura Hospitality and Food Services and Palma Group mentioned on the post and enjoy an exclusive 25% throughout the day. Don’t forget to bring with you your bank ID.,facebook.com/Orient.Pearl.Rest/photos/a.555879437874765/2541167626012593/?type=3&refid=52&_ft_=mf_story_key.2541167732679249%3Atop_level_post_id.2541167732679249%3Atl_objid.2541167732679249%3Acontent_owner_id_new.265870090209036%3Athrowback_story_fbid.2541167732679249%3Apage_id.265870090209036%3Aphoto_id.2541167626012593%3Astory_location.4%3Astory_attachment_style.photo%3Atds_flgs.3%3Apage_insights.%7B%22265870090209036%22%3A%7B%22page_id%22%3A265870090209036%2C%22actor_id%22%3A265870090209036%2C%22dm%22%3A%7B%22isShare%22%3A0%2C%22originalPostOwnerID%22%3A0%7D%2C%22psn%22%3A%22EntStatusCreationStory%22%2C%22post_context%22%3A%7B%22object_fbtype%22%3A266%2C%22publish_time%22%3A1583388082%2C%22story_name%22%3A%22EntStatusCreationStory%22%2C%22story_fbid%22%3A%5B2541167732679249%5D%7D%2C%22role%22%3A1%2C%22sl%22%3A4%2C%22targets%22%3A%5B%7B%22actor_id%22%3A265870090209036%2C%22page_id%22%3A265870090209036%2C%22post_id%22%3A2541167732679249%2C%22role%22%3A1%2C%22share_id%22%3A0%7D%5D%7D%7D%3Athid.265870090209036&__tn__=EH-R," 'Haya ???????', 'profile_name': 'Laila Taha', 'profile_url': '/laila.taha.90'}, {'text': 'Dareen Al-Dasuqi ??', 'profile_name': 'Amal Hajir', 'profile_url': '/amool.hajir'}]",27-02-2020,893,4,OrientPearl
https://facebook.com/story.php?story_fbid=2526928974103125&id=265870090209036&refid=17&_ft_=mf_story_key.2526928974103125%3Atop_level_post_id.2526928974103125%3Atl_objid.2526928974103125%3Acontent_owner_id_new.265870090209036%3Athrowback_story_fbid.2526928974103125%3Apage_id.265870090209036%3Aphoto_id.2526928804103142%3Astory_location.4%3Astory_attachment_style.photo%3Atds_flgs.3%3Apage_insights.%7B%22265870090209036%22%3A%7B%22page_id%22%3A265870090209036%2C%22actor_id%22%3A265870090209036%2C%22dm%22%3A%7B%22isShare%22%3A0%2C%22originalPostOwnerID%22%3A0%7D%2C%22psn%22%3A%22EntStatusCreationStory%22%2C%22post_context%22%3A%7B%22object_fbtype%22%3A266%2C%22publish_time%22%3A1582783439%2C%22story_name%22%3A%22EntStatusCreationStory%22%2C%22story_fbid%22%3A%5B2526928974103125%5D%7D%2C%22role%22%3A1%2C%22sl%22%3A4%2C%22targets%22%3A%5B%7B%22actor_id%22%3A265870090209036%2C%22page_id%22%3A265870090209036%2C%22post_id%22%3A2526928974103125%2C%22role%22%3A1%2C%22share_id%22%3A0%7D%5D%7D%7D%3Athid.265870090209036%3A306061129499414%3A2%3A0%3A1585724399%3A-3977256222747374676&__tn__=%2AW-R#footer_action_list, Vote Now for Aura and Palma restaurants! www.factqatar.com/vote-now-fact-dining-awards-doha-2020/ Aura Hospitality and Food Services Orient Pearl Restaurant ???? ????? ?????  Jwala Restaurant La Casa twenty eight Baladna Mart Debs W Remman Sazeli Qatar Usta Doner Mokarabia Qatar Gahwetna ?????? Basta,facebook.com/Orient.Pearl.Rest/photos/a.555879437874765/2526928804103142/?type=3&refid=52&_ft_=mf_story_key.2526928974103125%3Atop_level_post_id.2526928974103125%3Atl_objid.2526928974103125%3Acontent_owner_id_new.265870090209036%3Athrowback_story_fbid.2526928974103125%3Apage_id.265870090209036%3Aphoto_id.2526928804103142%3Astory_location.4%3Astory_attachment_style.photo%3Atds_flgs.3%3Apage_insights.%7B%22265870090209036%22%3A%7B%22page_id%22%3A265870090209036%2C%22actor_id%22%3A265870090209036%2C%22dm%22%3A%7B%22isShare%22%3A0%2C%22originalPostOwnerID%22%3A0%7D%2C%22psn%22%3A%22EntStatusCreationStory%22%2C%22post_context%22%3A%7B%22object_fbtype%22%3A266%2C%22publish_time%22%3A1582783439%2C%22story_name%22%3A%22EntStatusCreationStory%22%2C%22story_fbid%22%3A%5B2526928974103125%5D%7D%2C%22role%22%3A1%2C%22sl%22%3A4%2C%22targets%22%3A%5B%7B%22actor_id%22%3A265870090209036%2C%22page_id%22%3A265870090209036%2C%22post_id%22%3A2526928974103125%2C%22role%22%3A1%2C%22share_id%22%3A0%7D%5D%7D%7D%3Athid.265870090209036&__tn__=EH-R," 'National restaurant', 'profile_name': 'Muhanad Hodayfa', 'profile_url': '/muhanad.hdefe'}, {'text': 'Orient pearl', 'profile_name': 'Adham Alrayis', 'profile_url': '/adham.alrayis'}, {'text': 'orient pearl restaurant', 'profile_name': 'Man Kumar Rai Rai', 'profile_url': '/mankumarrai.rai.35'}, {'text': 'Baladna Mart', 'profile_name': 'Khatoun Oghlinian Haddad', 'profile_url': '/khatoun.haddad'}]",24-02-2020,2000,6,OrientPearl
https://facebook.com/story.php?story_fbid=2521608264635196&id=265870090209036&refid=17&_ft_=mf_story_key.2521608264635196%3Atop_level_post_id.2521608264635196%3Atl_objid.2521608264635196%3Acontent_owner_id_new.265870090209036%3Athrowback_story_fbid.2521608264635196%3Apage_id.265870090209036%3Aphoto_id.2521603741302315%3Astory_location.4%3Astory_attachment_style.photo%3Atds_flgs.3%3Apage_insights.%7B%22265870090209036%22%3A%7B%22page_id%22%3A265870090209036%2C%22actor_id%22%3A265870090209036%2C%22dm%22%3A%7B%22isShare%22%3A0%2C%22originalPostOwnerID%22%3A0%7D%2C%22psn%22%3A%22EntStatusCreationStory%22%2C%22post_context%22%3A%7B%22object_fbtype%22%3A266%2C%22publish_time%22%3A1582554683%2C%22story_name%22%3A%22EntStatusCreationStory%22%2C%22story_fbid%22%3A%5B2521608264635196%5D%7D%2C%22role%22%3A17%2C%22sl%22%3A4%2C%22targets%22%3A%5B%7B%22actor_id%22%3A265870090209036%2C%22page_id%22%3A265870090209036%2C%22post_id%22%3A2521608264635196%2C%22role%22%3A1%2C%22share_id%22%3A0%7D%5D%7D%2C%221469795063128972%22%3A%7B%22page_id%22%3A1469795063128972%2C%22actor_id%22%3A265870090209036%2C%22dm%22%3A%7B%22isShare%22%3A0%2C%22originalPostOwnerID%22%3A0%7D%2C%22psn%22%3A%22EntStatusCreationStory%22%2C%22role%22%3A16%2C%22sl%22%3A4%7D%2C%22230283387475155%22%3A%7B%22page_id%22%3A230283387475155%2C%22actor_id%22%3A265870090209036%2C%22dm%22%3A%7B%22isShare%22%3A0%2C%22originalPostOwnerID%22%3A0%7D%2C%22psn%22%3A%22EntStatusCreationStory%22%2C%22role%22%3A16%2C%22sl%22%3A4%7D%2C%22531882950275558%22%3A%7B%22page_id%22%3A531882950275558%2C%22actor_id%22%3A265870090209036%2C%22dm%22%3A%7B%22isShare%22%3A0%2C%22originalPostOwnerID%22%3A0%7D%2C%22psn%22%3A%22EntStatusCreationStory%22%2C%22role%22%3A16%2C%22sl%22%3A4%7D%2C%22722642461124031%22%3A%7B%22page_id%22%3A722642461124031%2C%22actor_id%22%3A265870090209036%2C%22dm%22%3A%7B%22isShare%22%3A0%2C%22originalPostOwnerID%22%3A0%7D%2C%22psn%22%3A%22EntStatusCreationStory%22%2C%22role%22%3A16%2C%22sl%22%3A4%7D%2C%22765883723455581%22%3A%7B%22page_id%22%3A765883723455581%2C%22actor_id%22%3A265870090209036%2C%22dm%22%3A%7B%22isShare%22%3A0%2C%22originalPostOwnerID%22%3A0%7D%2C%22psn%22%3A%22EntStatusCreationStory%22%2C%22role%22%3A16%2C%22sl%22%3A4%7D%2C%221908082579474426%22%3A%7B%22page_id%22%3A1908082579474426%2C%22actor_id%22%3A265870090209036%2C%22dm%22%3A%7B%22isShare%22%3A0%2C%22originalPostOwnerID%22%3A0%7D%2C%22psn%22%3A%22EntStatusCreationStory%22%2C%22role%22%3A16%2C%22sl%22%3A4%7D%2C%22430886720586870%22%3A%7B%22page_id%22%3A430886720586870%2C%22actor_id%22%3A265870090209036%2C%22dm%22%3A%7B%22isShare%22%3A0%2C%22originalPostOwnerID%22%3A0%7D%2C%22psn%22%3A%22EntStatusCreationStory%22%2C%22role%22%3A16%2C%22sl%22%3A4%7D%2C%221396337017358157%22%3A%7B%22page_id%22%3A1396337017358157%2C%22actor_id%22%3A265870090209036%2C%22dm%22%3A%7B%22isShare%22%3A0%2C%22originalPostOwnerID%22%3A0%7D%2C%22psn%22%3A%22EntStatusCreationStory%22%2C%22role%22%3A16%2C%22sl%22%3A4%7D%2C%22501961113473222%22%3A%7B%22page_id%22%3A501961113473222%2C%22actor_id%22%3A265870090209036%2C%22dm%22%3A%7B%22isShare%22%3A0%2C%22originalPostOwnerID%22%3A0%7D%2C%22psn%22%3A%22EntStatusCreationStory%22%2C%22role%22%3A16%2C%22sl%22%3A4%7D%2C%22210096319494737%22%3A%7B%22page_id%22%3A210096319494737%2C%22actor_id%22%3A265870090209036%2C%22dm%22%3A%7B%22isShare%22%3A0%2C%22originalPostOwnerID%22%3A0%7D%2C%22psn%22%3A%22EntStatusCreationStory%22%2C%22role%22%3A16%2C%22sl%22%3A4%7D%7D%3Athid.265870090209036%3A306061129499414%3A2%3A0%3A1585724399%3A-911932775616910436&__tn__=%2AW-R#footer_action_list,The fanciest and most classical restaurant in the heart of Doha,facebook.com/Orient.Pearl.Rest/photos/a.265880653541313/2521603741302315/?type=3&refid=52&_ft_=mf_story_key.2521608264635196%3Atop_level_post_id.2521608264635196%3Atl_objid.2521608264635196%3Acontent_owner_id_new.265870090209036%3Athrowback_story_fbid.2521608264635196%3Apage_id.265870090209036%3Aphoto_id.2521603741302315%3Astory_location.4%3Astory_attachment_style.photo%3Atds_flgs.3%3Apage_insights.%7B%22265870090209036%22%3A%7B%22page_id%22%3A265870090209036%2C%22actor_id%22%3A265870090209036%2C%22dm%22%3A%7B%22isShare%22%3A0%2C%22originalPostOwnerID%22%3A0%7D%2C%22psn%22%3A%22EntStatusCreationStory%22%2C%22post_context%22%3A%7B%22object_fbtype%22%3A266%2C%22publish_time%22%3A1582554683%2C%22story_name%22%3A%22EntStatusCreationStory%22%2C%22story_fbid%22%3A%5B2521608264635196%5D%7D%2C%22role%22%3A17%2C%22sl%22%3A4%2C%22targets%22%3A%5B%7B%22actor_id%22%3A265870090209036%2C%22page_id%22%3A265870090209036%2C%22post_id%22%3A2521608264635196%2C%22role%22%3A1%2C%22share_id%22%3A0%7D%5D%7D%2C%221469795063128972%22%3A%7B%22page_id%22%3A1469795063128972%2C%22actor_id%22%3A265870090209036%2C%22dm%22%3A%7B%22isShare%22%3A0%2C%22originalPostOwnerID%22%3A0%7D%2C%22psn%22%3A%22EntStatusCreationStory%22%2C%22role%22%3A16%2C%22sl%22%3A4%7D%2C%22230283387475155%22%3A%7B%22page_id%22%3A230283387475155%2C%22actor_id%22%3A265870090209036%2C%22dm%22%3A%7B%22isShare%22%3A0%2C%22originalPostOwnerID%22%3A0%7D%2C%22psn%22%3A%22EntStatusCreationStory%22%2C%22role%22%3A16%2C%22sl%22%3A4%7D%2C%22531882950275558%22%3A%7B%22page_id%22%3A531882950275558%2C%22actor_id%22%3A265870090209036%2C%22dm%22%3A%7B%22isShare%22%3A0%2C%22originalPostOwnerID%22%3A0%7D%2C%22psn%22%3A%22EntStatusCreationStory%22%2C%22role%22%3A16%2C%22sl%22%3A4%7D%2C%22722642461124031%22%3A%7B%22page_id%22%3A722642461124031%2C%22actor_id%22%3A265870090209036%2C%22dm%22%3A%7B%22isShare%22%3A0%2C%22originalPostOwnerID%22%3A0%7D%2C%22psn%22%3A%22EntStatusCreationStory%22%2C%22role%22%3A16%2C%22sl%22%3A4%7D%2C%22765883723455581%22%3A%7B%22page_id%22%3A765883723455581%2C%22actor_id%22%3A265870090209036%2C%22dm%22%3A%7B%22isShare%22%3A0%2C%22originalPostOwnerID%22%3A0%7D%2C%22psn%22%3A%22EntStatusCreationStory%22%2C%22role%22%3A16%2C%22sl%22%3A4%7D%2C%221908082579474426%22%3A%7B%22page_id%22%3A1908082579474426%2C%22actor_id%22%3A265870090209036%2C%22dm%22%3A%7B%22isShare%22%3A0%2C%22originalPostOwnerID%22%3A0%7D%2C%22psn%22%3A%22EntStatusCreationStory%22%2C%22role%22%3A16%2C%22sl%22%3A4%7D%2C%22430886720586870%22%3A%7B%22page_id%22%3A430886720586870%2C%22actor_id%22%3A265870090209036%2C%22dm%22%3A%7B%22isShare%22%3A0%2C%22originalPostOwnerID%22%3A0%7D%2C%22psn%22%3A%22EntStatusCreationStory%22%2C%22role%22%3A16%2C%22sl%22%3A4%7D%2C%221396337017358157%22%3A%7B%22page_id%22%3A1396337017358157%2C%22actor_id%22%3A265870090209036%2C%22dm%22%3A%7B%22isShare%22%3A0%2C%22originalPostOwnerID%22%3A0%7D%2C%22psn%22%3A%22EntStatusCreationStory%22%2C%22role%22%3A16%2C%22sl%22%3A4%7D%2C%22501961113473222%22%3A%7B%22page_id%22%3A501961113473222%2C%22actor_id%22%3A265870090209036%2C%22dm%22%3A%7B%22isShare%22%3A0%2C%22originalPostOwnerID%22%3A0%7D%2C%22psn%22%3A%22EntStatusCreationStory%22%2C%22role%22%3A16%2C%22sl%22%3A4%7D%2C%22210096319494737%22%3A%7B%22page_id%22%3A210096319494737%2C%22actor_id%22%3A265870090209036%2C%22dm%22%3A%7B%22isShare%22%3A0%2C%22originalPostOwnerID%22%3A0%7D%2C%22psn%22%3A%22EntStatusCreationStory%22%2C%22role%22%3A16%2C%22sl%22%3A4%7D%7D%3Athid.265870090209036&__tn__=EH-R," 'Beautiful', 'profile_name': 'Hiru Hiru', 'profile_url': '/profile.php'}, {'text': '??  ??? ???? ??? ?? ????', 'profile_name': 'Asif Anwar', 'profile_url': '/asif.anwar.338658'}]",22-02-2020,1600,2,OrientPearl
https://facebook.com/Orient.Pearl.Rest/videos/805315469952805/,"On the occasion of World Cancer Day, we were honored to welcome Qatar Cancer Society in cooperation with KidzMondo Doha that performed amazing activities in our Kids Area",,,15-02-2020,299,,OrientPearl
https://facebook.com/Orient.Pearl.Rest/videos/1773936826071518/,??????? ????? ???? ?????? ?????? ????? ?? ?????? ?????????? ???????? ?????? ?? ????????! ????? ??????????,,,13-02-2020,283,0,OrientPearl
https://facebook.com/Orient.Pearl.Rest/videos/2741449495909053/,"With the presence of the president of Asian Athletics Association his excellency Dahlan Al-Hamad, Orient Pearl Restaurant honored three of the top athletics in Doha, on the occasion of Qatar National Sports Day",,,11-02-2020,250,0,OrientPearl
https://.facebook.com/Orient.Pearl.Rest/photos/a.555879437874765/2485105581618798/?type=3&theater,Serving you a wide variety of the most delicious traditional dishes,facebook.com/Orient.Pearl.Rest/photos/a.555879437874765/2517660145030008/?type=3&refid=52&_ft_=mf_story_key.2517660378363318%3Atop_level_post_id.2517660378363318%3Atl_objid.2517660378363318%3Acontent_owner_id_new.265870090209036%3Athrowback_story_fbid.2517660378363318%3Apage_id.265870090209036%3Aphoto_id.2517660145030008%3Astory_location.4%3Astory_attachment_style.photo%3Atds_flgs.3%3Apage_insights.%7B%22265870090209036%22%3A%7B%22page_id%22%3A265870090209036%2C%22actor_id%22%3A265870090209036%2C%22dm%22%3A%7B%22isShare%22%3A0%2C%22originalPostOwnerID%22%3A0%7D%2C%22psn%22%3A%22EntStatusCreationStory%22%2C%22post_context%22%3A%7B%22object_fbtype%22%3A266%2C%22publish_time%22%3A1582384233%2C%22story_name%22%3A%22EntStatusCreationStory%22%2C%22story_fbid%22%3A%5B2517660378363318%5D%7D%2C%22role%22%3A1%2C%22sl%22%3A4%2C%22targets%22%3A%5B%7B%22actor_id%22%3A265870090209036%2C%22page_id%22%3A265870090209036%2C%22post_id%22%3A2517660378363318%2C%22role%22%3A1%2C%22share_id%22%3A0%7D%5D%7D%7D%3Athid.265870090209036&__tn__=EH-R," 'Good', 'profile_name': 'Kamal Patwary', 'profile_url': '/kamal.digitel'}]",06-02-2020,1500,1,OrientPearl
https://facebook.com/Orient.Pearl.Rest/photos/a.555879437874765/2472477336214956/?type=3&theater, Join us this weekend and step into the unique ambiance of Orient Pearl,facebook.com/Orient.Pearl.Rest/photos/a.555879437874765/2485105581618798/?type=3&refid=52&_ft_=mf_story_key.2485105801618776%3Atop_level_post_id.2485105801618776%3Atl_objid.2485105801618776%3Acontent_owner_id_new.265870090209036%3Athrowback_story_fbid.2485105801618776%3Apage_id.265870090209036%3Aphoto_id.2485105581618798%3Astory_location.4%3Astory_attachment_style.photo%3Atds_flgs.3%3Apage_insights.%7B%22265870090209036%22%3A%7B%22page_id%22%3A265870090209036%2C%22actor_id%22%3A265870090209036%2C%22dm%22%3A%7B%22isShare%22%3A0%2C%22originalPostOwnerID%22%3A0%7D%2C%22psn%22%3A%22EntStatusCreationStory%22%2C%22post_context%22%3A%7B%22object_fbtype%22%3A266%2C%22publish_time%22%3A1580978708%2C%22story_name%22%3A%22EntStatusCreationStory%22%2C%22story_fbid%22%3A%5B2485105801618776%5D%7D%2C%22role%22%3A1%2C%22sl%22%3A4%2C%22targets%22%3A%5B%7B%22actor_id%22%3A265870090209036%2C%22page_id%22%3A265870090209036%2C%22post_id%22%3A2485105801618776%2C%22role%22%3A1%2C%22share_id%22%3A0%7D%5D%7D%7D%3Athid.265870090209036&__tn__=EH-R,[],30-01-2020,2300,6,OrientPearl
https://facebook.com/Orient.Pearl.Rest/photos/a.555879437874765/2466747843454572/?type=3&theater, #Throwback to when NoGarlicNoOnions enjoyed the authentic taste and the wide variety of our dishes,facebook.com/Orient.Pearl.Rest/photos/a.555879437874765/2472477336214956/?type=3&refid=52&_ft_=mf_story_key.2472477742881582%3Atop_level_post_id.2472477742881582%3Atl_objid.2472477742881582%3Acontent_owner_id_new.265870090209036%3Athrowback_story_fbid.2472477742881582%3Apage_id.265870090209036%3Aphoto_id.2472477336214956%3Astory_location.4%3Astory_attachment_style.photo%3Atds_flgs.3%3Apage_insights.%7B%22265870090209036%22%3A%7B%22page_id%22%3A265870090209036%2C%22actor_id%22%3A265870090209036%2C%22dm%22%3A%7B%22isShare%22%3A0%2C%22originalPostOwnerID%22%3A0%7D%2C%22psn%22%3A%22EntStatusCreationStory%22%2C%22post_context%22%3A%7B%22object_fbtype%22%3A266%2C%22publish_time%22%3A1580404778%2C%22story_name%22%3A%22EntStatusCreationStory%22%2C%22story_fbid%22%3A%5B2472477742881582%5D%7D%2C%22role%22%3A1%2C%22sl%22%3A4%2C%22targets%22%3A%5B%7B%22actor_id%22%3A265870090209036%2C%22page_id%22%3A265870090209036%2C%22post_id%22%3A2472477742881582%2C%22role%22%3A1%2C%22share_id%22%3A0%7D%5D%7D%7D%3Athid.265870090209036&__tn__=EH-R,[],27-01-2020,683,18,OrientPearl
https://facebook.com/Orient.Pearl.Rest/photos/a.555879437874765/2460850080711015/?type=3&theater,There is no better place in Doha to enjoy a truly authentic dining experience with the whole family other than Orient Pearl. For reservation: 44106600,,,24-01-2020,1900,1,OrientPearl
https://facebook.com/Orient.Pearl.Rest/photos/a.555879437874765/2449785228484167/?type=3&theater,Our delicious breakfast menu is available everyday from 9:30AM till 12:00PM #Throwback AbdulAziz Al-Ajail,facebook.com/Orient.Pearl.Rest/photos/a.555879437874765/2460850080711015/?type=3&refid=52&_ft_=mf_story_key.2460850474044309%3Atop_level_post_id.2460850474044309%3Atl_objid.2460850474044309%3Acontent_owner_id_new.265870090209036%3Athrowback_story_fbid.2460850474044309%3Apage_id.265870090209036%3Aphoto_id.2460850080711015%3Astory_location.4%3Astory_attachment_style.photo%3Atds_flgs.3%3Apage_insights.%7B%22265870090209036%22%3A%7B%22page_id%22%3A265870090209036%2C%22actor_id%22%3A265870090209036%2C%22dm%22%3A%7B%22isShare%22%3A0%2C%22originalPostOwnerID%22%3A0%7D%2C%22psn%22%3A%22EntStatusCreationStory%22%2C%22post_context%22%3A%7B%22object_fbtype%22%3A266%2C%22publish_time%22%3A1579876839%2C%22story_name%22%3A%22EntStatusCreationStory%22%2C%22story_fbid%22%3A%5B2460850474044309%5D%7D%2C%22role%22%3A1%2C%22sl%22%3A4%2C%22targets%22%3A%5B%7B%22actor_id%22%3A265870090209036%2C%22page_id%22%3A265870090209036%2C%22post_id%22%3A2460850474044309%2C%22role%22%3A1%2C%22share_id%22%3A0%7D%5D%7D%7D%3Athid.265870090209036&__tn__=EH-R,[],18-01-2020,2300,12,OrientPearl
https://facebook.com/Orient.Pearl.Rest/photos/a.555879437874765/2443664219096268/?type=3&theater,You just can’t get enough of our delicious plates! ????? ????? ????? ?? ???? ???!,facebook.com/Orient.Pearl.Rest/photos/a.555879437874765/2449785228484167/?type=3&refid=52&_ft_=mf_story_key.2449787095150647%3Atop_level_post_id.2449787095150647%3Atl_objid.2449787095150647%3Acontent_owner_id_new.265870090209036%3Athrowback_story_fbid.2449787095150647%3Apage_id.265870090209036%3Aphoto_id.2449785228484167%3Astory_location.4%3Astory_attachment_style.photo%3Atds_flgs.3%3Apage_insights.%7B%22265870090209036%22%3A%7B%22page_id%22%3A265870090209036%2C%22actor_id%22%3A265870090209036%2C%22dm%22%3A%7B%22isShare%22%3A0%2C%22originalPostOwnerID%22%3A0%7D%2C%22psn%22%3A%22EntStatusCreationStory%22%2C%22post_context%22%3A%7B%22object_fbtype%22%3A266%2C%22publish_time%22%3A1579358648%2C%22story_name%22%3A%22EntStatusCreationStory%22%2C%22story_fbid%22%3A%5B2449787095150647%5D%7D%2C%22role%22%3A1%2C%22sl%22%3A4%2C%22targets%22%3A%5B%7B%22actor_id%22%3A265870090209036%2C%22page_id%22%3A265870090209036%2C%22post_id%22%3A2449787095150647%2C%22role%22%3A1%2C%22share_id%22%3A0%7D%5D%7D%7D%3Athid.265870090209036&__tn__=EH-R," '????', 'profile_name': 'Udhayasuriyan Udhayasuriyan', 'profile_url': '/udhayasuriyan.udhayasuriyan.771'}]",15-01-2020,1500,1,OrientPearl
https://facebook.com/Orient.Pearl.Rest/photos/a.555879437874765/2436699223126101/?type=3&theater,\u200fJoin us everyday from 9:30AM till 1:00AM for a unique oriental experience \u200f\u200e?????? ????? ????? ?? ?????? ?:?? ?????? ??? ?????? ?:?? ????? ????? ?????? ????? ?????!,facebook.com/Orient.Pearl.Rest/photos/a.555879437874765/2443664219096268/?type=3&refid=52&_ft_=mf_story_key.2443664432429580%3Atop_level_post_id.2443664432429580%3Atl_objid.2443664432429580%3Acontent_owner_id_new.265870090209036%3Athrowback_story_fbid.2443664432429580%3Apage_id.265870090209036%3Aphoto_id.2443664219096268%3Astory_location.4%3Astory_attachment_style.photo%3Atds_flgs.3%3Apage_insights.%7B%22265870090209036%22%3A%7B%22page_id%22%3A265870090209036%2C%22actor_id%22%3A265870090209036%2C%22dm%22%3A%7B%22isShare%22%3A0%2C%22originalPostOwnerID%22%3A0%7D%2C%22psn%22%3A%22EntStatusCreationStory%22%2C%22post_context%22%3A%7B%22object_fbtype%22%3A266%2C%22publish_time%22%3A1579103016%2C%22story_name%22%3A%22EntStatusCreationStory%22%2C%22story_fbid%22%3A%5B2443664432429580%5D%7D%2C%22role%22%3A1%2C%22sl%22%3A4%2C%22targets%22%3A%5B%7B%22actor_id%22%3A265870090209036%2C%22page_id%22%3A265870090209036%2C%22post_id%22%3A2443664432429580%2C%22role%22%3A1%2C%22share_id%22%3A0%7D%5D%7D%7D%3Athid.265870090209036&__tn__=EH-R,[],12-01-2020,1500,10,OrientPearl
https://facebook.com/Orient.Pearl.Rest/photos/a.555879437874765/2430201273775896/?type=3&theater,"One of the most brilliant chefs in Qatar, Chef Khamis @70haddad \u200e??? ???? ?????? ?? ???? ????? ???? ????",facebook.com/Orient.Pearl.Rest/photos/a.555879437874765/2436699223126101/?type=3&refid=52&_ft_=mf_story_key.2436699409792749%3Atop_level_post_id.2436699409792749%3Atl_objid.2436699409792749%3Acontent_owner_id_new.265870090209036%3Athrowback_story_fbid.2436699409792749%3Apage_id.265870090209036%3Aphoto_id.2436699223126101%3Astory_location.4%3Astory_attachment_style.photo%3Atds_flgs.3%3Apage_insights.%7B%22265870090209036%22%3A%7B%22page_id%22%3A265870090209036%2C%22actor_id%22%3A265870090209036%2C%22dm%22%3A%7B%22isShare%22%3A0%2C%22originalPostOwnerID%22%3A0%7D%2C%22psn%22%3A%22EntStatusCreationStory%22%2C%22post_context%22%3A%7B%22object_fbtype%22%3A266%2C%22publish_time%22%3A1578815782%2C%22story_name%22%3A%22EntStatusCreationStory%22%2C%22story_fbid%22%3A%5B2436699409792749%5D%7D%2C%22role%22%3A1%2C%22sl%22%3A4%2C%22targets%22%3A%5B%7B%22actor_id%22%3A265870090209036%2C%22page_id%22%3A265870090209036%2C%22post_id%22%3A2436699409792749%2C%22role%22%3A1%2C%22share_id%22%3A0%7D%5D%7D%7D%3Athid.265870090209036&__tn__=EH-R," '???????? ??????? ?????? ????', 'profile_name': '????? ???? ?????', 'profile_url': '/profile.php'}, {'text': '????? ???? ????? ??????? ????? ????  ?????? ???? ?? ????????  ?? ??????? ????  ???? ???? ?????? ????????  ???? ???? ??????', 'profile_name': 'Maen Almasri', 'profile_url': '/maen.almasri.1'}, {'text': '???? ????? ?? ???? ???? ???? ?????????  ??? ?????', 'profile_name': '??? ??????', 'profile_url': '/profile.php'}, {'text': '???? ??? ????..', 'profile_name': 'Mohammad Jumma', 'profile_url': '/profile.php'}, {'text': '???? ?????? ???? ???? ?????', 'profile_name': 'Abod Almasry', 'profile_url': '/abod.almasry.5'}, {'text': '???? ????? ??? ???? ??????? ?? ???', 'profile_name': 'Shaher Bo Hsain', 'profile_url': '/shaher.bohsain'}, {'text': 'Khamis Sh Haddad. ????? ?????? ???? ?????. ?????? ?? ???? ????? ??? ??? ?????. ???? ?? ????? ????? ???????. ??????? ????? ?? orient pearl ???? ????? ?????', 'profile_name': 'Yousef Aweeda Abo Hamza', 'profile_url': '/profile.php'}, {'text': 'so nice', 'profile_name': 'Md Masum Molla', 'profile_url': '/masummolla.masummolla.319'}, {'text': '????? ????????', 'profile_name': 'Ayham Otri', 'profile_url': '/ayham.otri.7'}, {'text': 'I know him. we are pray with everyday.', 'profile_name': 'Jasim Bin AbdurRob Miazi', 'profile_url': '/jasimbinrob.miazi'}]",09-01-2020,1900,19,OrientPearl
https://facebook.com/Orient.Pearl.Rest/photos/a.555879437874765/2425030867626270/?type=3&theater,Is there anything better than keeping your kids safe and happy next to you while enjoying your meal? ,,,06-01-2020,1600,4,OrientPearl
https://facebook.com/story.php?story_fbid=2430201487109208&id=265870090209036&refid=17&_ft_=mf_story_key.2430201487109208%3Atop_level_post_id.2430201487109208%3Atl_objid.2430201487109208%3Acontent_owner_id_new.265870090209036%3Athrowback_story_fbid.2430201487109208%3Apage_id.265870090209036%3Aphoto_id.2430201273775896%3Astory_location.4%3Astory_attachment_style.photo%3Atds_flgs.3%3Apage_insights.%7B%22265870090209036%22%3A%7B%22page_id%22%3A265870090209036%2C%22actor_id%22%3A265870090209036%2C%22dm%22%3A%7B%22isShare%22%3A0%2C%22originalPostOwnerID%22%3A0%7D%2C%22psn%22%3A%22EntStatusCreationStory%22%2C%22post_context%22%3A%7B%22object_fbtype%22%3A266%2C%22publish_time%22%3A1578548732%2C%22story_name%22%3A%22EntStatusCreationStory%22%2C%22story_fbid%22%3A%5B2430201487109208%5D%7D%2C%22role%22%3A1%2C%22sl%22%3A4%2C%22targets%22%3A%5B%7B%22actor_id%22%3A265870090209036%2C%22page_id%22%3A265870090209036%2C%22post_id%22%3A2430201487109208%2C%22role%22%3A1%2C%22share_id%22%3A0%7D%5D%7D%7D%3Athid.265870090209036%3A306061129499414%3A2%3A0%3A1585724399%3A3330063261303897043&__tn__=%2AW-R#footer_action_list,Traditional presentation for traditional food – Bourgol Bel Banadoora ??????? ???????? ??????? ????????? – ???? ?????????,facebook.com/Orient.Pearl.Rest/photos/a.555879437874765/2430201273775896/?type=3&refid=52&_ft_=mf_story_key.2430201487109208%3Atop_level_post_id.2430201487109208%3Atl_objid.2430201487109208%3Acontent_owner_id_new.265870090209036%3Athrowback_story_fbid.2430201487109208%3Apage_id.265870090209036%3Aphoto_id.2430201273775896%3Astory_location.4%3Astory_attachment_style.photo%3Atds_flgs.3%3Apage_insights.%7B%22265870090209036%22%3A%7B%22page_id%22%3A265870090209036%2C%22actor_id%22%3A265870090209036%2C%22dm%22%3A%7B%22isShare%22%3A0%2C%22originalPostOwnerID%22%3A0%7D%2C%22psn%22%3A%22EntStatusCreationStory%22%2C%22post_context%22%3A%7B%22object_fbtype%22%3A266%2C%22publish_time%22%3A1578548732%2C%22story_name%22%3A%22EntStatusCreationStory%22%2C%22story_fbid%22%3A%5B2430201487109208%5D%7D%2C%22role%22%3A1%2C%22sl%22%3A4%2C%22targets%22%3A%5B%7B%22actor_id%22%3A265870090209036%2C%22page_id%22%3A265870090209036%2C%22post_id%22%3A2430201487109208%2C%22role%22%3A1%2C%22share_id%22%3A0%7D%5D%7D%7D%3Athid.265870090209036&__tn__=EH-R," '????? ????? ???? ???? Abeer Alam', 'profile_name': 'Alam Sam', 'profile_url': '/sam.alam.58'}]",04-01-2020,1000,2,OrientPearl
https://facebook.com/Orient.Pearl.Rest/photos/a.555879437874765/2416116275184396/?type=3&theater,Any plans for the weekend yet? Let Orient Pearl be your ultimate family destination!  ?? ?? ???????? ????? ????? ???????? ?????? ????? ????? ?????? ????????? ????? ??????? ???????? ??????? ??????!,facebook.com/Orient.Pearl.Rest/photos/a.555879437874765/2420302068099150/?type=3&refid=52&_ft_=mf_story_key.2420302164765807%3Atop_level_post_id.2420302164765807%3Atl_objid.2420302164765807%3Acontent_owner_id_new.265870090209036%3Athrowback_story_fbid.2420302164765807%3Apage_id.265870090209036%3Aphoto_id.2420302068099150%3Astory_location.4%3Astory_attachment_style.photo%3Atds_flgs.3%3Apage_insights.%7B%22265870090209036%22%3A%7B%22page_id%22%3A265870090209036%2C%22actor_id%22%3A265870090209036%2C%22dm%22%3A%7B%22isShare%22%3A0%2C%22originalPostOwnerID%22%3A0%7D%2C%22psn%22%3A%22EntStatusCreationStory%22%2C%22post_context%22%3A%7B%22object_fbtype%22%3A266%2C%22publish_time%22%3A1578140409%2C%22story_name%22%3A%22EntStatusCreationStory%22%2C%22story_fbid%22%3A%5B2420302164765807%5D%7D%2C%22role%22%3A1%2C%22sl%22%3A4%2C%22targets%22%3A%5B%7B%22actor_id%22%3A265870090209036%2C%22page_id%22%3A265870090209036%2C%22post_id%22%3A2420302164765807%2C%22role%22%3A1%2C%22share_id%22%3A0%7D%5D%7D%7D%3Athid.265870090209036&__tn__=EH-R," '???? ???? ????? ???? ????? ????? ???  ??????? ?? ?? ??? ????????? ??? ?????? ??????? ??????', 'profile_name': 'Mohammad  A. Aladawi', 'profile_url': '/profile.php'}, {'text': '????????????', 'profile_name': 'Lolo Khalil', 'profile_url': '/profile.php'}, {'text': '', 'media_url': 'https://scontent.fhre1-1.fna.fbcdn.net/v/t39.1997-6/cp0/s110x80/17119915_2041014742792666_7995625806745305088_n.png?_nc_cat=1&_nc_sid=ac3552&efg=eyJpIjoiYiJ9&_nc_ohc=2txJ5ofYIEEAX_5ixUo&_nc_ht=scontent.fhre1-1.fna&oh=2945ab6b45bff16a670cd347e4553652&oe=5E906F23', 'profile_name': 'Zanzon Zanzon', 'profile_url': '/zanzon.zanzon.79'}, {'text': 'Fadi Bouri', 'profile_name': 'Sana AlMulki Bouri', 'profile_url': '/sana.mulki'}]",02-01-2020,1500,6,OrientPearl
